aX,aY,aZ,gX,gY,gZ
0.915,-0.682,1.432,-42.053,57.251,48.706
1.083,-0.861,1.636,-22.827,79.712,49.316
1.225,-1.124,1.719,3.296,105.835,51.392
1.243,-1.373,1.662,16.724,131.226,60.547
1.137,-1.516,1.528,-0.366,155.029,85.327
1.025,-1.45,1.349,-22.4,168.457,137.085
0.779,-1.194,1.408,-27.1,170.593,201.782
0.664,-0.909,1.549,4.883,188.66,241.333
0.642,-0.7,1.733,60.486,218.872,253.052
0.596,-0.629,1.738,120.178,247.07,248.596
0.597,-0.653,1.694,158.142,271.667,241.76
0.551,-0.769,1.62,181.152,292.297,241.028
0.424,-0.864,1.48,193.848,312.195,253.601
0.194,-0.738,1.317,191.895,331.055,290.466
-0.036,-0.405,1.18,176.392,345.947,333.435
-0.251,-0.074,1.094,165.71,356.995,361.755
-0.42,0.219,0.98,159.851,371.277,372.009
-0.558,0.498,0.817,151.978,387.207,368.896
-0.678,0.677,0.578,143.677,400.024,357.3
-0.763,0.793,0.349,131.409,400.818,341.492
-0.822,0.891,0.079,110.718,392.578,323.608
-0.856,1.029,-0.226,83.435,377.197,301.575
-0.862,1.187,-0.537,49.744,349.609,276.123
-0.805,1.347,-0.839,14.832,311.218,247.681
-0.76,1.461,-1.064,0.366,265.198,216.187
-0.635,1.515,-1.254,9.338,218.445,180.298
-0.668,1.578,-1.384,22.827,167.908,147.339
-0.728,1.682,-1.462,28.809,111.877,121.704
-0.703,1.768,-1.456,18.25,67.322,90.454
-0.454,1.609,-1.391,27.588,39.978,53.162
-0.409,1.435,-1.201,42.114,-5.676,28.076
-0.398,1.436,-1.064,28.687,-44.373,18.066
-0.376,1.5,-0.972,0.854,-74.707,8.362
-0.347,1.504,-0.878,-16.235,-100.647,-9.583
-0.317,1.459,-0.751,-23.682,-122.925,-32.288
-0.286,1.407,-0.642,-31.372,-139.038,-54.871
-0.27,1.381,-0.586,-41.565,-148.804,-76.538
-0.267,1.423,-0.586,-48.401,-154.602,-98.755
-0.258,1.447,-0.533,-40.955,-161.438,-126.587
-0.238,1.434,-0.487,-33.264,-167.419,-160.156
-0.23,1.372,-0.39,-26.917,-170.41,-196.411
-0.21,1.248,-0.347,-31.921,-168.213,-233.093
-0.205,1.104,-0.331,-43.335,-167.297,-264.893
-0.208,0.969,-0.346,-57.739,-171.387,-290.1
-0.234,0.861,-0.416,-75.134,-178.894,-310.852
-0.285,0.823,-0.47,-93.14,-193.604,-329.529
-0.335,0.784,-0.466,-105.957,-216.309,-351.196
-0.406,0.684,-0.391,-109.253,-247.314,-376.526
-0.484,0.522,-0.243,-117.249,-276.978,-402.1
-0.537,0.245,-0.041,-129.028,-304.504,-424.5
-0.657,-0.054,0.181,-141.724,-339.111,-439.636
-0.751,-0.468,0.571,-163.391,-374.023,-444.092
-0.632,-0.958,1.072,-193.115,-406.006,-433.777
-0.446,-1.237,1.424,-217.529,-412.292,-406.189
-0.189,-1.387,1.838,-214.417,-397.766,-363.403
0.25,-1.921,2.4,-168.884,-370.85,-320.312
0.868,-2.482,2.749,-123.047,-322.51,-271.423
1.265,-2.57,2.74,-137.085,-253.113,-195.801
1.344,-2.291,2.495,-181.152,-174.622,-105.347
1.277,-1.651,2.083,-171.509,-101.807,-18.005
1.099,-0.874,1.743,-92.651,-50.72,47.729
0.998,-0.397,1.524,7.263,-24.231,68.054
0.983,-0.082,1.365,76.721,-16.052,55.115
1.027,0.053,1.243,101.44,-8.423,30.64
1.089,-0.004,1.225,105.408,-4.456,1.953
1.12,-0.162,1.186,104.187,1.709,-22.034
1.122,-0.332,1.094,93.079,12.573,-33.936
1.109,-0.471,1,72.083,20.874,-33.936
1.075,-0.542,0.91,48.035,26.794,-25.33
1.006,-0.547,0.836,29.602,32.41,-13.733
0.936,-0.563,0.75,23.376,38.391,-4.333
0.864,-0.575,0.645,23.376,44.495,2.441
0.809,-0.566,0.547,20.142,49.866,8.362
0.761,-0.54,0.449,16.235,54.321,12.207
0.734,-0.504,0.37,12.695,56.213,13.672
0.718,-0.478,0.307,10.254,56.335,13.55
0.701,-0.406,0.228,10.01,54.321,13.611
0.716,-0.362,0.197,14.16,47.363,11.414
0.735,-0.353,0.204,20.447,37.903,7.324
0.74,-0.319,0.153,17.944,30.701,3.418
0.767,-0.31,0.152,11.353,21.912,-0.122
0.794,-0.32,0.187,7.996,10.376,-2.502
0.796,-0.338,0.184,2.197,2.38,-3.906
0.82,-0.364,0.216,-2.747,-5.676,-3.906
0.829,-0.376,0.25,-4.15,-13.184,-2.502
0.832,-0.398,0.28,-7.202,-19.104,-1.16
0.84,-0.422,0.308,-13.306,-23.254,0
0.841,-0.427,0.341,-21.851,-25.33,2.014
0.845,-0.407,0.37,-26.245,-26.489,4.578
0.848,-0.391,0.412,-24.78,-26.917,5.31
0.857,-0.407,0.45,-20.264,-26.245,3.418
0.871,-0.417,0.485,-16.968,-24.841,1.953
0.88,-0.407,0.52,-15.259,-22.644,2.075
0.881,-0.394,0.55,-12.878,-19.958,2.197
0.882,-0.379,0.567,-9.216,-16.541,1.892
0.88,-0.376,0.572,-5.554,-13.184,1.16
0.87,-0.378,0.568,-2.502,-10.254,0.977
0.86,-0.368,0.568,-0.732,-8.301,1.892
0.851,-0.358,0.561,0.793,-6.653,2.747
0.84,-0.355,0.55,0.916,-5.371,3.174
0.834,-0.341,0.536,-0.122,-4.15,3.967
0.828,-0.326,0.526,-0.854,-4.089,4.639
0.823,-0.31,0.526,-0.671,-4.761,4.517
0.825,-0.3,0.531,-0.366,-4.761,3.54
0.823,-0.287,0.534,-1.526,-3.906,2.38
0.824,-0.273,0.538,-2.991,-2.747,0.61
0.827,-0.27,0.548,-2.93,-1.16,-1.343
0.832,-0.278,0.547,-1.587,0.366,-3.662
0.83,-0.298,0.533,-0.977,2.319,-5.554
0.829,-0.317,0.515,-2.197,4.211,-6.348
0.828,-0.343,0.496,-3.174,5.066,-6.104
0.827,-0.36,0.467,-1.77,4.333,-4.333
0.823,-0.362,0.464,0.916,1.953,-1.953
0.818,-0.351,0.465,2.38,0.244,0.122
0.814,-0.332,0.465,2.441,-0.549,1.282
0.813,-0.312,0.464,1.587,-0.977,1.526
0.811,-0.299,0.465,1.282,-1.16,0.549
0.81,-0.294,0.468,1.526,-1.343,-1.16
0.814,-0.303,0.472,1.892,-1.16,-3.662
,,,,,
0.886,-0.79,1.384,-44.8,-40.71,37.598
1.006,-0.862,1.701,-25.818,-37.415,44.373
1.152,-1.036,2.047,6.104,-18.616,51.392
1.244,-1.154,2.276,38.086,20.813,69.092
1.221,-1.342,2.336,62.927,78.491,94.849
1.086,-1.659,2.208,69.336,139.099,130.127
0.909,-1.775,1.974,41.382,191.895,179.077
0.697,-1.579,1.791,15.076,228.149,234.68
0.54,-1.162,1.641,25.208,249.39,284.18
0.451,-0.863,1.616,59.082,261.108,316.711
0.425,-0.795,1.644,83.679,271.912,330.933
0.335,-0.737,1.679,89.6,292.358,342.224
0.188,-0.681,1.643,91.431,326.416,357.422
-0.007,-0.545,1.535,100.159,365.601,374.207
-0.212,-0.352,1.377,110.352,402.527,387.939
-0.443,-0.201,1.215,126.099,432.678,397.095
-0.664,-0.044,1.017,127.869,458.435,405.762
-0.885,0.114,0.831,114.014,479.675,410.522
-1.086,0.27,0.605,91.98,495.239,410.156
-1.266,0.434,0.353,69.946,502.93,405.212
-1.394,0.624,0.095,47.668,502.869,395.142
-1.493,0.808,-0.164,26.367,495.544,376.953
-1.578,0.977,-0.521,6.47,481.934,350.525
-1.61,1.19,-0.933,-17.578,458.984,317.688
-1.33,1.275,-1.314,-36.56,423.34,278.137
-1.631,1.451,-1.711,-44.922,371.948,236.084
-1.594,1.587,-2.048,-72.876,307.556,194.519
-1.398,1.627,-2.234,-91.614,240.051,149.78
-1.145,1.444,-2.234,-85.144,164.673,112.427
-1.242,1.474,-2.16,-56.458,90.149,88.928
-1.12,1.381,-1.991,-23.682,16.846,63.171
-1.078,1.27,-1.848,18.677,-44.006,39.429
-0.997,1.211,-1.586,39.978,-99.976,23.254
-0.91,1.193,-1.394,25.818,-142.456,9.583
-0.818,1.196,-1.26,2.441,-170.654,-6.653
-0.726,1.173,-1.137,-2.991,-192.383,-28.198
-0.615,1.099,-1.017,3.052,-207.886,-53.711
-0.503,0.999,-0.937,6.836,-217.529,-78.003
-0.391,0.898,-0.856,11.719,-224.365,-98.267
-0.286,0.761,-0.816,19.226,-229.248,-113.77
-0.181,0.646,-0.758,26.611,-233.704,-123.108
-0.07,0.555,-0.714,29.724,-238.281,-127.075
0.019,0.48,-0.68,32.654,-243.103,-128.113
0.094,0.403,-0.636,35.522,-249.756,-126.709
0.159,0.349,-0.584,37.231,-256.897,-123.169
0.209,0.333,-0.52,33.752,-264.099,-117.493
0.258,0.314,-0.461,27.71,-271.118,-111.816
0.298,0.284,-0.395,28.992,-279.114,-106.506
0.334,0.269,-0.28,38.574,-288.513,-100.891
0.363,0.252,-0.141,51.025,-296.448,-96.008
0.398,0.25,0.001,54.871,-299.438,-91.858
0.42,0.283,0.146,45.959,-299.072,-86.06
0.433,0.35,0.251,32.593,-289.307,-80.933
0.42,0.457,0.339,22.339,-275.94,-77.271
0.422,0.598,0.505,26.062,-263.794,-80.078
0.449,0.684,0.715,52.002,-251.77,-94.238
0.503,0.686,0.923,91.309,-232.849,-117.859
0.557,0.646,1.053,126.953,-202.637,-143.311
0.596,0.581,1.099,147.095,-164.246,-167.053
0.607,0.507,1.075,144.958,-124.878,-187.073
0.616,0.47,0.954,124.634,-89.172,-200.073
0.638,0.445,0.774,101.257,-62.805,-208.252
0.628,0.382,0.635,82.764,-53.284,-215.271
0.617,0.251,0.529,66.956,-53.955,-219.238
0.626,0.085,0.438,39.246,-59.875,-215.942
0.644,-0.038,0.373,-6.897,-71.045,-202.271
0.646,-0.121,0.348,-47.485,-88.257,-179.626
0.648,-0.115,0.382,-69.092,-107.3,-153.809
0.651,-0.052,0.475,-64.575,-124.573,-132.08
0.665,0.063,0.623,-44.739,-136.353,-119.934
0.64,0.156,0.736,-21.973,-137.756,-120.178
0.605,0.255,0.832,-3.479,-132.202,-130.92
0.617,0.219,0.9,15.381,-122.498,-150.024
0.638,0.045,0.96,36.987,-112.549,-171.997
0.733,-0.107,0.964,45.471,-103.333,-185.486
0.718,-0.279,0.948,33.02,-99.182,-190.43
0.78,-0.382,1.01,-3.174,-104.675,-179.199
0.892,-0.319,1.128,-39.124,-109.497,-147.4
0.933,-0.27,1.19,-56.213,-108.826,-133.179
0.948,-0.207,1.174,-68.665,-102.844,-115.051
0.945,-0.099,1.142,-91.919,-92.407,-99.304
0.92,-0.003,1.057,-110.84,-80.2,-89.294
0.89,0.009,0.999,-117.92,-70.984,-84.778
0.858,0.043,0.923,-120.605,-63.11,-84.167
0.853,0.024,0.866,-104.065,-50.72,-93.567
0.892,-0.082,0.825,-73.059,-43.945,-106.75
0.851,-0.157,0.955,-42.542,-50.11,-114.38
0.841,-0.341,1.004,-9.094,-40.466,-115.173
0.872,-0.519,0.957,5.493,-11.963,-113.586
0.897,-0.64,0.833,0.732,7.751,-104.065
0.841,-0.699,0.751,-10.62,12.329,-87.524
0.808,-0.652,0.685,-12.207,8.972,-62.683
0.797,-0.568,0.633,2.625,9.033,-42.847
0.784,-0.476,0.629,18.127,5.005,-27.893
0.777,-0.403,0.632,21.118,0.244,-17.151
0.785,-0.347,0.62,11.597,-2.625,-11.658
0.797,-0.296,0.621,1.282,-5.981,-9.949
0.803,-0.288,0.632,-1.526,-9.766,-11.169
0.808,-0.311,0.653,-1.343,-12.024,-13.306
0.816,-0.347,0.684,-5.005,-12.329,-15.32
0.825,-0.392,0.708,-11.292,-10.376,-16.785
0.835,-0.443,0.719,-15.93,-6.653,-16.907
0.846,-0.491,0.707,-16.418,-2.563,-14.587
0.843,-0.495,0.69,-13.184,0.122,-8.85
0.833,-0.464,0.68,-7.874,1.648,-1.648
0.828,-0.413,0.675,-2.136,3.845,4.15
0.827,-0.364,0.667,2.747,6.165,8.24
0.821,-0.312,0.656,7.263,8.362,10.803
0.824,-0.27,0.642,10.254,10.254,11.475
0.824,-0.248,0.626,12.756,12.146,10.742
0.818,-0.238,0.611,13.855,13.55,9.705
0.813,-0.227,0.598,12.756,13.916,8.972
0.805,-0.218,0.591,9.644,13.733,8.484
0.803,-0.227,0.584,5.981,13.123,8.423
0.801,-0.23,0.571,1.038,12.39,8.911
0.792,-0.218,0.562,-3.296,10.925,10.376
0.783,-0.204,0.561,-5.554,8.911,11.963
0.778,-0.199,0.555,-5.432,6.897,13.062
0.776,-0.195,0.55,-4.944,4.883,13.977
,,,,,
1.111,-0.892,1.626,76.782,1.587,-18.86
1.236,-1.23,1.925,89.783,26.855,-6.958
1.33,-1.608,2.18,96.558,63.477,24.475
1.303,-1.949,2.252,89.294,112.854,77.454
1.127,-1.864,2.163,71.228,168.518,145.142
0.902,-1.381,2.085,91.003,217.285,217.59
0.711,-1.009,2.087,159.485,257.69,269.47
0.56,-0.802,2.01,217.163,295.593,295.898
0.404,-0.68,1.786,221.558,335.571,309.875
0.259,-0.669,1.503,183.105,370.728,323.303
0.113,-0.59,1.221,127.93,393.86,339.905
-0.001,-0.58,0.969,93.323,403.564,355.042
-0.104,-0.57,0.799,96.802,402.893,373.657
-0.227,-0.327,0.704,115.967,396.301,401.306
-0.351,0.064,0.576,130.249,391.235,424.744
-0.481,0.472,0.378,124.512,387.939,429.382
-0.529,0.769,0.191,97.046,381.165,416.565
-0.692,1.045,-0.048,53.772,374.268,390.625
-0.73,1.174,-0.35,20.508,374.146,352.478
-0.81,1.198,-0.655,8.789,365.112,311.279
-0.88,1.24,-0.963,7.568,345.459,274.963
-0.891,1.304,-1.259,-0.244,314.209,242.004
-0.951,1.394,-1.513,-3.235,272.217,203.491
-0.967,1.474,-1.712,-7.446,220.154,168.518
-0.903,1.465,-1.789,-0.488,159.424,132.751
-0.838,1.381,-1.769,14.771,95.093,99.609
-0.789,1.265,-1.663,30.762,31.738,73.486
-0.749,1.197,-1.539,33.875,-25.574,55.847
-0.708,1.165,-1.399,29.053,-77.393,44.861
-0.656,1.156,-1.236,20.386,-122.62,34.546
-0.596,1.185,-1.069,12.39,-158.813,23.682
-0.527,1.222,-0.918,8.728,-185.486,8.972
-0.456,1.237,-0.786,10.315,-203.674,-9.888
-0.37,1.22,-0.655,15.991,-215.82,-32.593
-0.276,1.166,-0.544,24.353,-222.595,-57.434
-0.188,1.105,-0.464,29.602,-225.342,-81.421
-0.106,1.061,-0.401,31.067,-226.624,-102.6
-0.027,1.029,-0.346,30.945,-228.149,-122.986
0.05,0.975,-0.294,31.616,-229.919,-143.066
0.115,0.915,-0.243,29.175,-233.215,-162.231
0.149,0.864,-0.19,20.813,-237,-178.833
0.197,0.843,-0.2,8.789,-241.394,-193.665
0.234,0.809,-0.143,-10.62,-250.61,-211.304
0.26,0.826,-0.028,-32.043,-270.386,-223.328
0.289,0.849,0.126,-38.513,-288.635,-238.586
0.286,0.824,0.358,-23.254,-305.298,-258.85
0.204,0.713,0.663,2.38,-317.932,-284.424
0.233,0.537,0.881,19.897,-312.622,-313.965
0.235,0.38,1.055,22.705,-296.814,-343.201
0.237,0.233,1.187,16.418,-283.569,-365.967
0.277,0.109,1.272,13,-261.047,-368.958
0.325,-0.033,1.29,6.104,-234.314,-364.807
0.379,-0.245,1.3,-14.038,-208.618,-358.948
0.484,-0.498,1.282,-50.232,-186.584,-346.13
0.582,-0.739,1.252,-96.497,-166.931,-317.688
0.675,-0.878,1.247,-137.939,-153.32,-270.63
0.757,-0.889,1.233,-160.034,-141.724,-218.384
0.845,-0.767,1.23,-148.193,-129.761,-170.654
0.901,-0.631,1.188,-108.093,-115.54,-134.888
0.941,-0.489,1.147,-79.285,-104.736,-105.652
0.877,-0.215,1.172,-60.303,-102.234,-71.411
0.858,-0.036,1.083,-33.081,-74.402,-81.238
0.855,0.029,0.953,4.456,-40.833,-100.403
0.859,0.008,0.846,35.583,-21.057,-116.211
0.856,-0.055,0.782,46.509,-15.137,-126.892
0.847,-0.17,0.744,39.795,-16.052,-132.568
0.833,-0.292,0.692,28.625,-15.198,-130.31
0.818,-0.401,0.651,16.296,-12.207,-121.948
0.821,-0.485,0.615,3.296,-9.888,-110.413
0.796,-0.525,0.57,-7.324,-9.216,-98.022
0.767,-0.578,0.53,-18.127,-11.475,-86.304
0.739,-0.593,0.517,-36.804,-16.357,-74.707
0.723,-0.541,0.502,-60.425,-20.386,-62.927
0.718,-0.482,0.482,-80.75,-23.926,-54.565
0.716,-0.427,0.469,-89.905,-28.381,-51.025
0.718,-0.402,0.481,-87.708,-32.898,-50.11
0.734,-0.425,0.511,-75.745,-36.133,-49.988
0.759,-0.476,0.545,-56.213,-38.208,-48.035
0.775,-0.494,0.61,-34.485,-40.1,-41.87
0.779,-0.489,0.661,-12.878,-38.574,-38.696
0.785,-0.503,0.692,4.822,-32.654,-39.001
0.792,-0.54,0.693,15.381,-25.269,-38.94
0.794,-0.567,0.682,18.311,-18.799,-36.316
0.853,-0.59,0.613,14.832,-15.808,-31.372
0.821,-0.542,0.645,2.625,-35.583,-22.766
0.788,-0.492,0.713,-1.343,-60.181,-10.498
0.803,-0.441,0.745,10.681,-61.157,-11.475
0.761,-0.392,0.73,19.47,-58.899,-19.897
0.762,-0.373,0.75,7.568,-54.626,-14.099
0.789,-0.383,0.751,-0.61,-51.208,-1.465
0.77,-0.37,0.742,0.427,-44.373,3.113
0.766,-0.358,0.754,10.071,-36.56,2.014
0.713,-0.387,0.728,17.456,-20.02,-7.08
0.713,-0.407,0.707,16.541,-6.775,-14.587
0.727,-0.415,0.739,14.954,-1.77,-17.761
0.716,-0.407,0.733,7.019,1.831,-16.541
0.728,-0.455,0.74,6.226,4.028,-15.625
0.733,-0.481,0.752,11.047,4.944,-11.169
0.728,-0.483,0.741,7.751,7.263,-4.7
0.728,-0.451,0.725,3.296,9.094,0.366
0.726,-0.414,0.71,5.005,10.132,4.272
0.729,-0.385,0.716,12.146,9.827,7.69
0.723,-0.354,0.708,14.16,9.033,10.01
0.717,-0.333,0.694,12.39,9.399,10.01
0.714,-0.316,0.676,10.437,9.888,8.423
0.714,-0.312,0.659,9.277,10.193,6.409
0.715,-0.317,0.645,8.118,9.644,5.554
0.711,-0.31,0.635,6.897,8.789,5.859
0.707,-0.302,0.628,5.432,7.69,5.981
0.707,-0.308,0.62,4.761,6.775,5.615
0.704,-0.318,0.611,3.296,5.676,5.432
0.706,-0.314,0.605,0.793,4.333,5.737
0.709,-0.305,0.601,-1.038,2.808,6.592
0.71,-0.303,0.599,0.793,1.221,7.263
0.712,-0.308,0.605,4.272,-0.305,7.751
0.709,-0.304,0.609,7.812,-1.953,8.24
0.71,-0.299,0.614,9.766,-3.174,8.606
0.715,-0.299,0.627,9.277,-4.028,8.484
0.72,-0.289,0.636,7.202,-4.089,7.935
,,,,,
0.856,-0.67,1.214,28.137,53.284,22.827
0.841,-0.849,1.333,39.978,71.411,32.41
0.822,-1.177,1.502,47.546,91.736,47.607
0.834,-1.466,1.634,44.556,115.234,74.707
0.832,-1.495,1.636,28.503,143.616,114.807
0.831,-1.28,1.655,21.24,166.931,160.339
0.837,-1.046,1.763,40.955,186.096,199.158
0.806,-1.002,1.963,81.909,209.473,227.234
0.743,-1.049,2.088,118.347,245.117,250.427
0.598,-1.014,2.088,141.357,292.48,278.809
0.401,-0.91,1.992,162.72,344.055,310.791
0.199,-0.777,1.757,177.917,389.038,339.661
0.034,-0.576,1.489,174.316,421.631,362.244
-0.102,-0.45,1.218,154.419,440.308,380.127
-0.202,-0.284,0.963,121.094,449.768,395.447
-0.309,0.015,0.733,91.797,454.895,405.029
-0.356,0.287,0.514,79.224,456.36,399.414
-0.492,0.458,0.269,72.632,454.468,382.507
-0.563,0.67,0.009,66.833,451.599,358.948
-0.613,0.874,-0.232,71.472,446.045,326.843
-0.622,0.984,-0.407,97.595,433.472,291.321
-0.661,1.084,-0.587,132.751,418.945,251.892
-0.664,1.144,-0.756,159.119,396.545,217.285
-0.639,1.142,-0.906,162.231,365.601,187.5
-0.632,1.07,-1.038,139.771,327.759,162.537
-0.635,0.989,-1.128,107.788,279.785,143.677
-0.635,0.951,-1.191,79.834,231.445,133.911
-0.628,0.956,-1.254,62.378,185.669,130.31
-0.632,0.998,-1.312,46.326,137.024,128.662
-0.632,1.07,-1.328,28.381,88.684,125.916
-0.617,1.123,-1.305,16.479,41.809,118.652
-0.598,1.175,-1.25,12.451,-0.366,108.093
-0.568,1.214,-1.163,17.883,-36.438,94.604
-0.548,1.243,-1.091,20.325,-67.078,79.407
-0.528,1.265,-1.014,14.771,-92.896,63.232
-0.493,1.28,-0.935,10.01,-114.075,45.776
-0.439,1.275,-0.862,9.583,-130.188,27.466
-0.392,1.278,-0.798,7.507,-142.151,10.132
-0.334,1.266,-0.75,2.93,-151.245,-6.226
-0.284,1.258,-0.729,-3.723,-157.288,-23.621
-0.234,1.227,-0.719,-7.935,-162.476,-42.542
-0.196,1.172,-0.704,-9.094,-167.603,-61.89
-0.15,1.098,-0.703,-13.306,-173.218,-78.857
-0.118,1.034,-0.726,-16.174,-179.626,-93.384
-0.087,0.973,-0.711,-16.235,-190.247,-105.591
-0.059,0.93,-0.71,-17.944,-199.89,-115.051
-0.039,0.906,-0.707,-19.836,-210.632,-123.657
-0.006,0.892,-0.696,-24.78,-224.548,-132.874
0.006,0.885,-0.673,-37.354,-240.784,-143.982
0.035,0.857,-0.668,-56.458,-254.944,-157.41
0.046,0.848,-0.634,-79.407,-277.283,-169.067
0.055,0.835,-0.556,-96.558,-302.551,-181.274
0.057,0.821,-0.423,-101.074,-328.979,-195.312
0.051,0.787,-0.231,-95.52,-353.149,-209.656
0.039,0.73,0.002,-88.867,-372.742,-224.67
0.029,0.662,0.246,-81.665,-385.925,-240.906
0.007,0.584,0.518,-67.444,-393.25,-257.996
0.018,0.447,0.816,-43.457,-390.869,-278.198
0.088,0.212,1.083,-14.954,-374.939,-300.781
0.169,-0.074,1.263,7.446,-354.065,-320.129
0.289,-0.329,1.358,16.968,-326.416,-327.759
0.329,-0.554,1.39,15.198,-288.269,-326.233
0.454,-0.857,1.418,2.747,-250.854,-306.458
0.651,-1.147,1.446,-29.053,-222.29,-266.785
0.808,-1.286,1.48,-79.712,-198.425,-215.698
0.921,-1.268,1.468,-125.122,-175.11,-154.053
0.995,-1.026,1.355,-157.959,-152.039,-90.759
0.992,-0.722,1.15,-162.72,-129.761,-40.71
1.005,-0.444,1.052,-135.01,-117.31,-8.423
1.021,-0.257,1.035,-88.623,-110.535,7.385
1.045,-0.111,0.999,-44.8,-101.013,15.747
1.051,0.016,0.948,-27.71,-88.684,20.569
1.084,0.138,0.961,-23.743,-79.956,19.47
1.102,0.203,0.972,-16.418,-72.632,11.536
1.091,0.217,0.951,-8.972,-62.195,1.465
1.068,0.179,0.903,-8.606,-50.964,-8.057
1.038,0.104,0.854,-13.855,-41.138,-15.442
0.998,0.043,0.803,-19.958,-32.715,-17.456
0.955,0.011,0.762,-20.996,-25.452,-16.052
0.912,-0.016,0.72,-17.273,-18.86,-15.32
0.871,-0.026,0.678,-14.16,-13.367,-15.869
0.843,-0.035,0.65,-11.658,-8.911,-17.456
0.828,-0.052,0.633,-7.507,-5.066,-19.836
0.82,-0.066,0.615,-2.441,-1.526,-21.729
0.817,-0.078,0.598,2.319,0.916,-22.339
0.82,-0.072,0.586,5.432,2.93,-22.095
0.826,-0.063,0.58,6.836,4.089,-20.996
0.833,-0.054,0.562,7.446,5.249,-20.081
0.839,-0.051,0.551,7.69,5.249,-19.531
0.848,-0.065,0.547,5.737,3.723,-18.372
0.849,-0.056,0.541,3.418,1.465,-14.832
0.856,-0.05,0.549,3.418,-0.183,-13.062
0.858,-0.053,0.549,5.676,-1.709,-11.23
0.85,-0.049,0.553,8.911,-3.601,-9.338
0.848,-0.044,0.562,10.925,-5.493,-7.935
0.848,-0.048,0.569,11.353,-6.653,-7.324
0.844,-0.033,0.592,13.672,-6.836,-5.798
0.842,-0.012,0.593,14.038,-6.165,-5.188
0.839,-0.008,0.6,17.212,-4.639,-6.104
0.83,-0.004,0.599,16.846,-2.991,-7.568
0.832,-0.011,0.592,11.169,-1.038,-9.583
0.831,-0.012,0.581,6.592,0.183,-11.23
0.829,-0.016,0.565,5.92,0.793,-12.146
0.829,-0.034,0.557,6.531,0.488,-12.695
0.833,-0.076,0.562,7.69,-0.366,-12.573
0.837,-0.109,0.557,9.033,-0.854,-10.254
0.835,-0.114,0.553,7.812,-1.465,-6.165
0.833,-0.1,0.549,5.066,-2.014,-1.831
0.833,-0.071,0.545,3.235,-2.747,1.343
0.833,-0.042,0.546,2.441,-3.418,3.296
0.832,-0.021,0.548,2.502,-4.089,3.479
0.831,-0.002,0.553,1.831,-4.089,2.441
0.836,0.006,0.564,1.465,-3.967,0.61
0.839,0,0.569,1.099,-3.479,-0.916
0.84,-0.008,0.571,1.221,-2.686,-2.563
0.838,-0.022,0.57,1.892,-2.014,-4.028
0.837,-0.038,0.572,3.418,-2.014,-4.7
0.837,-0.054,0.574,4.7,-1.953,-4.822
0.835,-0.068,0.576,4.15,-1.953,-4.15
,,,,,
0.951,-0.766,1.336,28.931,4.578,7.629
0.989,-0.985,1.554,30.396,30.457,29.419
0.987,-1.05,1.718,29.175,67.993,60.486
0.977,-0.953,1.771,36.987,113.892,94.055
0.939,-0.793,1.811,58.655,160.706,120.728
0.882,-0.848,1.862,96.802,205.078,137.939
0.773,-1.15,1.818,121.094,248.657,156.25
0.675,-1.244,1.744,99.06,288.574,189.514
0.547,-1.071,1.767,61.34,322.388,238.403
0.391,-0.86,1.717,70.679,359.192,291.077
0.196,-0.581,1.534,116.638,392.761,330.627
0.014,-0.175,1.326,153.992,417.908,356.445
-0.088,0.196,1.06,176.88,437.012,369.446
-0.185,0.513,0.774,183.533,450.134,369.141
-0.238,0.79,0.513,167.847,455.994,360.596
-0.274,0.968,0.233,143.066,458.618,342.163
-0.322,1.092,-0.06,121.155,456.116,317.81
-0.359,1.183,-0.314,106.75,445.068,289.49
-0.364,1.232,-0.514,100.22,424.683,257.812
-0.384,1.234,-0.689,102.905,396.301,225.281
-0.432,1.207,-0.854,89.111,363.525,196.045
-0.463,1.207,-1.039,55.969,328.552,170.776
-0.473,1.2,-1.237,24.414,288.635,147.461
-0.473,1.2,-1.399,3.113,241.394,126.648
-0.478,1.187,-1.495,-3.662,187.256,109.314
-0.49,1.158,-1.531,0.061,129.517,93.628
-0.482,1.135,-1.499,5.676,72.266,76.599
-0.457,1.118,-1.424,4.028,19.653,61.829
-0.463,1.068,-1.337,1.343,-27.771,54.688
-0.448,1.017,-1.223,-3.601,-70.251,44.861
-0.42,1.005,-1.097,-9.766,-106.323,36.133
-0.389,1.02,-0.977,-12.817,-134.46,28.625
-0.354,1.059,-0.877,-13.611,-155.518,19.287
-0.314,1.098,-0.791,-13.672,-170.593,6.592
-0.255,1.119,-0.723,-12.695,-181.335,-9.155
-0.199,1.13,-0.662,-11.902,-189.209,-27.222
-0.133,1.141,-0.619,-10.986,-194.275,-46.509
-0.082,1.133,-0.59,-10.132,-197.998,-67.566
-0.033,1.114,-0.574,-10.376,-201.965,-90.027
0.017,1.084,-0.577,-14.648,-206.848,-112.61
0.069,1.057,-0.594,-23.499,-213.806,-133.85
0.095,1.028,-0.603,-35.522,-225.098,-154.175
0.127,0.992,-0.62,-48.34,-238.22,-174.194
0.154,0.964,-0.603,-63.232,-260.193,-193.42
0.168,0.939,-0.564,-75.562,-287.537,-211.365
0.188,0.893,-0.509,-84.595,-317.383,-231.506
0.18,0.876,-0.349,-95.581,-354.797,-252.441
0.067,0.783,-0.003,-96.802,-395.142,-274.475
-0.052,0.552,0.363,-82.092,-426.514,-298.95
-0.1,0.277,0.733,-70.557,-440.735,-320.19
-0.126,0.069,1.133,-57.983,-439.087,-330.139
0.029,-0.052,1.465,-33.325,-411.621,-330.139
0.169,-0.1,1.592,15.015,-362.671,-327.82
0.272,-0.158,1.639,66.162,-316.711,-323.792
0.372,-0.393,1.769,88.623,-272.766,-321.045
0.553,-1.01,1.82,50.049,-227.051,-318.42
0.7,-1.555,1.68,-77.148,-182.983,-307.922
0.697,-1.777,1.548,-241.028,-144.104,-267.212
0.909,-1.621,1.453,-355.164,-114.38,-165.833
1.09,-1.09,1.455,-377.563,-101.074,-42.542
1.089,-0.479,1.314,-273.865,-84.778,45.349
1.004,-0.054,1.102,-117.737,-64.697,70.923
0.994,0.231,1.004,-9.46,-54.749,66.895
1.017,0.38,0.975,36.499,-50.354,44.861
1.017,0.403,0.96,38.147,-44.189,13.184
0.999,0.331,0.885,16.968,-31.067,-16.907
0.962,0.213,0.763,-7.751,-18.005,-39.734
0.941,0.093,0.658,-25.452,-12.085,-50.415
0.918,0.004,0.566,-39.429,-12.146,-49.927
0.874,-0.044,0.483,-57.739,-16.174,-43.762
0.828,-0.066,0.432,-78.369,-23.56,-36.255
0.793,-0.058,0.418,-91.248,-32.532,-29.236
0.784,-0.041,0.462,-86.548,-40.771,-25.269
0.783,-0.031,0.541,-68.359,-47.791,-26.978
0.772,-0.042,0.63,-47.18,-50.537,-33.386
0.775,-0.077,0.702,-30.579,-47.424,-42.847
0.787,-0.144,0.739,-18.311,-39.246,-51.758
0.81,-0.201,0.747,-10.376,-28.992,-56.641
0.836,-0.239,0.735,-3.845,-20.203,-56.458
0.852,-0.251,0.71,3.662,-13.916,-51.758
0.86,-0.233,0.689,8.789,-10.376,-43.213
0.869,-0.205,0.676,9.521,-8.667,-34.546
0.873,-0.175,0.66,6.104,-7.629,-27.344
0.872,-0.143,0.643,0.854,-6.531,-21.545
0.859,-0.123,0.62,-3.174,-6.592,-16.907
0.845,-0.102,0.609,-6.775,-7.751,-13.123
0.83,-0.089,0.608,-9.644,-9.644,-10.437
0.818,-0.072,0.622,-10.803,-11.108,-9.399
0.807,-0.06,0.634,-9.949,-11.963,-9.521
0.8,-0.047,0.651,-8.789,-12.085,-10.376
0.792,-0.053,0.674,-7.629,-10.742,-12.39
0.79,-0.095,0.699,-6.836,-8.423,-14.893
0.797,-0.145,0.704,-7.08,-5.188,-16.052
0.805,-0.17,0.698,-6.104,-1.587,-14.465
0.809,-0.169,0.686,-2.014,0.427,-10.071
0.808,-0.146,0.674,2.991,1.587,-4.7
0.806,-0.105,0.664,6.531,2.625,-0.793
0.805,-0.065,0.658,9.216,2.93,0.977
0.807,-0.042,0.655,9.338,3.296,1.465
0.808,-0.021,0.646,6.958,3.723,0.977
0.811,-0.009,0.638,4.028,4.517,0.061
0.81,-0.01,0.632,2.869,5.005,-1.282
0.809,-0.016,0.628,1.648,5.066,-2.991
0.81,-0.021,0.626,0.427,5.554,-4.822
0.806,-0.028,0.621,0.305,5.92,-6.348
0.801,-0.038,0.615,1.343,6.348,-7.935
0.799,-0.053,0.617,2.869,6.531,-9.277
0.796,-0.065,0.614,4.517,7.141,-10.01
0.792,-0.071,0.607,4.944,7.751,-10.437
0.794,-0.08,0.601,4.883,7.751,-10.681
0.794,-0.092,0.592,4.639,7.629,-10.498
0.797,-0.097,0.58,4.028,7.141,-9.583
0.801,-0.095,0.57,2.563,6.042,-8.057
0.805,-0.088,0.568,1.099,4.883,-6.47
0.808,-0.079,0.575,0.244,3.479,-5.371
0.81,-0.076,0.582,-0.427,2.625,-5.005
0.812,-0.07,0.589,-0.854,2.319,-5.005
0.813,-0.07,0.593,-1.16,2.563,-5.432
0.809,-0.083,0.591,-0.61,3.296,-6.531
,,,,,
1.109,-0.716,1.274,-3.967,38.269,-28.87
1.19,-0.812,1.409,-15.198,56.213,-19.409
1.202,-0.841,1.464,-12.085,78.796,-4.028
1.201,-0.789,1.526,8.24,105.103,14.465
1.171,-0.788,1.643,29.541,134.338,35.4
1.158,-0.999,1.913,38.635,169.556,54.749
1.161,-1.352,2.143,31.128,216.064,75.378
1.053,-1.414,2.17,16.968,274.231,110.413
0.852,-1.15,2.005,31.006,333.984,159.912
0.631,-0.749,1.722,85.083,379.15,207.581
0.454,-0.438,1.443,133.545,408.936,237.732
0.305,-0.3,1.005,135.193,429.81,246.033
0.226,-0.275,0.508,82.947,436.707,241.028
0.192,-0.305,0.136,8.179,426.514,235.168
0.161,-0.382,-0.129,-39.368,406.25,233.887
0.126,-0.446,-0.329,-42.969,381.226,239.685
0.1,-0.392,-0.458,-16.846,353.333,249.695
-0.089,-0.153,-0.639,23.682,325.195,259.644
-0.2,0.156,-0.861,69.275,297.485,258.545
-0.201,0.426,-0.948,114.807,264.954,241.272
-0.177,0.592,-0.959,157.715,230.896,217.896
-0.154,0.683,-0.904,177.429,196.899,199.89
-0.14,0.759,-0.887,158.875,163.33,189.392
-0.162,0.866,-0.912,110.107,131.897,182.495
-0.189,0.961,-0.964,60.486,104.126,173.279
-0.188,1.056,-0.994,27.222,78.125,158.508
-0.197,1.086,-0.982,16.357,54.749,137.207
-0.208,1.043,-0.945,18.677,35.4,112.671
-0.207,0.982,-0.907,22.522,20.386,89.539
-0.194,0.953,-0.894,24.353,7.996,71.411
-0.172,0.943,-0.911,24.292,-1.587,57.556
-0.153,0.977,-0.931,22.217,-11.841,47.119
-0.139,1.044,-0.935,19.958,-24.048,38.208
-0.142,1.094,-0.937,23.56,-37.231,27.71
-0.137,1.135,-0.94,24.719,-51.392,16.235
-0.127,1.184,-0.941,20.996,-66.772,4.578
-0.109,1.213,-0.921,15.442,-83.618,-7.629
-0.085,1.257,-0.883,10.071,-101.624,-22.156
-0.065,1.251,-0.839,6.958,-119.934,-39.917
-0.039,1.231,-0.805,2.686,-138.062,-59.021
-0.016,1.211,-0.761,-7.324,-156.799,-77.515
-0.003,1.171,-0.713,-19.409,-176.514,-94.604
0.026,1.114,-0.628,-32.898,-196.899,-110.352
0.063,1.042,-0.517,-42.969,-218.079,-122.864
0.091,0.985,-0.407,-49.5,-236.572,-131.531
0.113,0.979,-0.299,-53.894,-250.916,-138.916
0.126,0.971,-0.174,-54.993,-262.146,-149.414
0.132,0.95,-0.062,-52.124,-273.621,-162.476
0.142,0.922,0.021,-45.471,-279.48,-178.223
0.152,0.906,0.103,-36.804,-281.799,-197.693
0.15,0.863,0.173,-20.264,-285.95,-218.811
0.151,0.802,0.287,-1.587,-289.429,-240.967
0.12,0.712,0.415,17.273,-288.147,-265.32
0.191,0.646,0.463,43.274,-284.912,-293.762
0.133,0.471,0.494,50.842,-271.362,-320.74
0.141,0.294,0.631,40.405,-250.122,-339.844
0.169,0.002,0.876,33.569,-238.892,-356.873
0.268,-0.283,1.183,33.386,-227.112,-369.324
0.38,-0.542,1.226,45.959,-187.378,-367.126
0.491,-0.781,0.946,40.771,-133.85,-351.074
0.491,-0.73,0.827,-20.203,-106.75,-324.036
0.458,-0.655,0.762,-68.542,-102.173,-298.889
0.539,-0.899,0.792,-92.468,-112.549,-286.377
0.529,-1.324,0.959,-125.854,-140.015,-257.446
0.637,-1.477,1.078,-170.959,-148.254,-191.833
0.725,-1.409,1.229,-215.149,-130.432,-161.682
0.934,-1.279,1.301,-193.665,-127.93,-116.455
1.004,-1.152,1.289,-120.3,-131.042,-82.764
0.899,-1.094,1.184,-52.185,-122.681,-55.908
0.834,-0.917,1.092,-25.574,-105.835,-24.17
0.787,-0.652,1.02,-23.254,-91.003,-1.282
0.87,-0.489,0.843,-19.348,-85.144,2.625
0.698,-0.405,0.944,-30.029,-112.366,-10.01
0.638,-0.363,1,-41.992,-125.122,-11.047
0.677,-0.39,0.998,-42.053,-100.037,-21.24
0.723,-0.51,0.979,-33.569,-80.688,-28.442
0.72,-0.587,0.956,-25.452,-65.796,-31.372
0.732,-0.624,0.912,-17.273,-51.819,-27.283
0.745,-0.62,0.895,-5.981,-41.016,-23.987
0.748,-0.639,0.911,4.761,-33.203,-22.156
0.791,-0.631,0.911,7.935,-27.649,-17.09
0.783,-0.576,0.92,7.568,-28.137,-10.742
0.791,-0.529,0.931,12.024,-28.992,-3.54
0.808,-0.487,0.945,15.991,-29.48,2.014
0.792,-0.46,0.97,20.752,-21.912,5.554
0.781,-0.428,0.975,20.569,-12.39,7.996
0.767,-0.394,0.945,11.536,-2.625,10.742
0.764,-0.37,0.892,-1.038,7.751,12.329
0.755,-0.362,0.845,-10.193,18.066,12.573
0.75,-0.358,0.804,-13.489,26.184,11.597
0.745,-0.363,0.757,-10.132,32.41,8.85
0.736,-0.376,0.729,-3.723,36.682,5.859
0.718,-0.384,0.678,2.747,39.917,3.357
0.703,-0.389,0.653,8.911,41.504,2.319
0.691,-0.381,0.615,14.465,41.687,3.418
0.689,-0.361,0.579,17.822,41.138,4.883
0.679,-0.334,0.567,16.846,38.513,5.615
0.668,-0.311,0.555,14.404,34.668,5.615
0.663,-0.29,0.544,11.719,30.823,5.676
0.67,-0.281,0.547,7.324,26.001,6.042
0.677,-0.262,0.532,1.465,21.606,6.958
0.683,-0.249,0.532,-1.587,16.663,7.874
0.688,-0.245,0.541,-2.319,11.719,7.69
0.693,-0.243,0.552,-3.479,7.751,6.531
0.701,-0.241,0.553,-4.272,5.005,5.188
0.706,-0.243,0.553,-4.211,2.747,3.296
0.711,-0.264,0.561,-2.38,0.549,1.282
0.719,-0.287,0.587,0,-1.343,0.427
0.732,-0.314,0.624,1.465,-2.991,0.549
0.74,-0.332,0.646,1.099,-3.174,1.831
0.75,-0.324,0.658,-0.427,-2.014,3.54
0.758,-0.303,0.671,-2.014,-0.916,4.761
0.761,-0.283,0.675,-1.343,0.061,4.822
0.759,-0.268,0.676,0.061,1.77,3.906
0.759,-0.263,0.673,0.916,4.089,1.709
0.759,-0.265,0.661,0.549,6.042,-0.244
0.756,-0.27,0.647,0.244,7.874,-1.221
0.753,-0.28,0.639,0.183,9.094,-2.075
0.746,-0.294,0.641,-0.488,10.01,-2.686
,,,,,
0.925,-0.908,1.113,19.836,20.386,-23.987
0.936,-0.952,1.147,30.212,42.603,-12.024
0.941,-0.902,1.164,39.734,64.575,2.869
0.943,-0.929,1.18,53.528,82.947,13.855
0.948,-1.06,1.343,65.918,100.159,23.499
0.938,-1.15,1.449,78.735,121.033,39.246
0.934,-1.213,1.449,94.604,148.804,60.303
0.925,-1.288,1.487,106.506,177.856,85.815
0.903,-1.477,1.653,120.361,207.031,117.065
0.878,-1.561,1.723,142.761,242.92,158.386
0.786,-1.375,1.65,164.185,284.851,210.144
0.6,-1.099,1.504,187.5,320.618,258.057
0.378,-0.84,1.325,203.003,343.933,292.053
0.223,-0.663,1.2,192.017,358.704,312.317
0.161,-0.631,1.075,174.561,369.08,323.364
0.102,-0.516,0.817,165.894,379.822,334.656
0.063,-0.296,0.556,162.964,385.437,349.121
0.034,-0.08,0.344,162.842,381.592,358.765
-0.127,-0.493,-1.05,126.282,366.394,360.413
-0.004,0.244,0.284,-62.561,318.909,375.977
-0.106,0.395,-0.111,-35.095,307.19,359.68
-0.141,0.6,-0.339,38.94,309.875,325.989
-0.352,1.157,-0.362,121.765,304.382,295.41
-0.218,1.212,-0.578,145.081,302.673,234.619
-0.196,1.127,-0.754,177.307,292.114,179.138
-0.204,0.923,-0.776,197.754,263.916,146.79
-0.221,0.794,-0.762,177.063,234.253,136.963
-0.262,0.835,-0.837,102.844,211.792,144.897
-0.322,0.934,-1.023,7.263,195.496,153.931
-0.36,1.029,-1.226,-68.42,175.415,150.818
-0.383,1.075,-1.383,-100.83,145.264,135.01
-0.396,1.018,-1.463,-82.764,107.727,112.61
-0.38,0.933,-1.405,-30.151,64.575,90.759
-0.36,0.907,-1.294,19.104,24.17,76.294
-0.344,0.953,-1.234,49.5,-7.08,66.65
-0.342,0.974,-1.211,68.481,-33.386,55.603
-0.329,0.986,-1.172,80.994,-59.265,44.189
-0.292,1.02,-1.112,89.294,-85.083,33.447
-0.25,1.04,-1.041,99.487,-107.361,21.484
-0.207,1.048,-0.968,101.807,-126.404,9.216
-0.172,1.057,-0.933,79.59,-141.113,-0.671
-0.137,1.135,-0.919,52.49,-153.748,-11.292
-0.103,1.211,-0.881,39.856,-168.64,-27.161
-0.066,1.219,-0.786,42.786,-185.12,-51.819
-0.025,1.159,-0.71,37.17,-199.707,-80.688
0.024,1.092,-0.639,22.095,-210.632,-107.727
0.076,0.997,-0.559,11.536,-220.337,-130.737
0.132,0.883,-0.503,1.038,-227.295,-150.391
0.157,0.771,-0.492,-13.672,-234.131,-164.551
0.18,0.689,-0.499,-42.48,-243.286,-173.767
0.185,0.647,-0.471,-79.529,-260.193,-178.162
0.176,0.615,-0.434,-111.389,-281.738,-179.565
0.164,0.576,-0.336,-135.315,-306.885,-179.077
0.169,0.538,-0.162,-151.245,-332.825,-176.514
0.182,0.521,0.063,-162.72,-353.821,-174.011
0.185,0.489,0.26,-175.476,-366.882,-171.57
0.248,0.512,0.535,-197.205,-373.657,-168.701
0.307,0.253,0.828,-203.43,-378.113,-168.335
0.529,0.379,1.244,-193.115,-373.962,-164.429
0.617,-0.016,1.461,-153.076,-345.215,-166.809
0.776,-0.032,1.444,-135.803,-297.974,-160.95
0.863,-0.059,1.283,-119.141,-247.192,-157.349
0.911,0.005,1.146,-110.718,-207.581,-152.71
0.96,0.069,1.073,-95.154,-177.002,-149.109
0.988,0.036,1.002,-63.171,-149.292,-150.513
0.998,-0.049,0.906,-31.982,-120.728,-152.71
0.992,-0.191,0.836,-17.029,-96.619,-148.926
0.979,-0.344,0.781,-18.738,-79.041,-135.498
0.984,-0.389,0.741,-32.043,-66.04,-113.098
1.004,-0.356,0.673,-43.274,-56.152,-88.501
1.021,-0.305,0.61,-48.645,-50.964,-66.833
0.927,-0.227,0.6,-58.411,-51.636,-50.72
0.94,-0.128,0.59,-61.951,-51.27,-35.767
0.95,-0.086,0.608,-60.547,-53.894,-31.433
0.968,-0.048,0.615,-62.744,-55.481,-29.907
0.983,0.01,0.622,-63.049,-54.749,-31.311
0.974,0.06,0.637,-54.81,-54.138,-36.987
0.977,0.086,0.655,-38.147,-54.321,-47.302
0.97,0.094,0.666,-20.142,-53.955,-60.059
0.955,0.082,0.667,-6.775,-52.124,-72.815
0.945,0.052,0.658,1.831,-49.622,-83.923
0.938,-0.003,0.646,6.775,-46.692,-92.041
0.935,-0.075,0.63,7.751,-43.518,-96.558
0.933,-0.155,0.623,5.127,-39.49,-96.13
0.925,-0.23,0.618,-1.282,-35.4,-91.309
0.921,-0.277,0.619,-11.169,-30.701,-81.909
0.904,-0.284,0.608,-21.423,-25.024,-70.129
0.89,-0.256,0.584,-30.762,-19.897,-59.021
0.881,-0.23,0.558,-37.659,-15.991,-50.842
0.87,-0.212,0.521,-40.283,-12.878,-46.021
0.865,-0.189,0.484,-38.818,-10.925,-43.274
0.858,-0.213,0.458,-33.813,-10.315,-42.664
0.842,-0.234,0.443,-26.367,-10.803,-43.64
0.834,-0.244,0.443,-20.264,-13,-42.358
0.839,-0.24,0.455,-17.883,-15.808,-39.856
0.84,-0.242,0.486,-15.869,-18.25,-37.903
0.853,-0.284,0.542,-13.062,-19.836,-36.316
0.871,-0.333,0.581,-11.292,-19.348,-33.63
0.872,-0.349,0.596,-10.376,-17.09,-29.175
0.879,-0.335,0.6,-7.568,-15.137,-23.804
0.88,-0.312,0.598,-2.93,-13.794,-18.921
0.879,-0.285,0.6,1.77,-12.451,-14.771
0.875,-0.249,0.608,4.944,-11.475,-11.353
0.875,-0.195,0.607,3.967,-9.949,-9.705
0.871,-0.165,0.597,0.732,-7.874,-10.742
0.871,-0.165,0.577,-1.953,-5.615,-13.306
0.85,-0.169,0.561,-4.517,-4.211,-16.235
0.851,-0.194,0.548,-5.432,-2.991,-19.287
0.859,-0.233,0.544,-4.883,-2.136,-22.034
0.859,-0.26,0.536,-4.211,-1.16,-22.583
0.856,-0.288,0.528,-3.479,-0.732,-21.24
0.86,-0.315,0.52,-1.831,-0.305,-18.616
0.861,-0.331,0.512,-0.366,-0.061,-14.709
0.865,-0.33,0.515,0.793,-0.061,-9.644
0.863,-0.312,0.517,1.404,-0.183,-4.089
0.853,-0.276,0.517,1.648,-0.061,0.122
0.848,-0.241,0.512,0.793,-0.244,2.075
0.851,-0.219,0.514,0.183,-0.671,2.686
0.847,-0.205,0.521,0.183,-1.038,2.136
,,,,,
1.027,-0.541,1.244,104.797,-15.625,-60.242
1.005,-0.624,1.291,117.493,-2.136,-59.448
0.958,-0.723,1.335,126.099,12.756,-54.382
0.99,-0.862,1.396,130.432,31.921,-46.814
1.057,-1.034,1.478,129.761,51.697,-34.973
1.077,-1.192,1.501,121.887,74.524,-14.893
1.025,-1.236,1.519,110.718,103.21,14.832
0.984,-1.267,1.571,114.502,135.681,51.697
0.96,-1.295,1.702,130.92,173.828,91.736
0.907,-1.365,1.781,151.489,220.276,133.179
0.755,-1.403,1.765,164.612,269.165,178.04
0.541,-1.28,1.767,177.002,317.2,225.037
0.306,-1.069,1.713,207.825,363.037,270.508
0.065,-0.83,1.548,251.221,405.823,314.331
-0.214,-0.598,1.344,278.076,438.11,352.478
-0.511,-0.349,1.045,280.151,458.313,379.517
-0.651,-0.106,0.801,267.761,466.736,397.766
-0.764,0.148,0.6,248.23,462.341,407.715
-0.865,0.411,0.404,233.887,459.412,401.672
-0.937,0.573,0.179,226.257,457.581,382.202
-0.99,0.719,-0.074,215.454,457.031,357.483
-1.027,0.849,-0.388,194.946,454.163,328.979
-1.05,0.949,-0.726,171.57,444.641,294.983
-1.092,1.058,-1.08,150.085,426.697,259.216
-1.096,1.142,-1.465,133.911,396.24,226.685
-1.081,1.238,-1.824,115.967,349.854,196.716
-1.057,1.329,-2.061,101.135,289.001,166.077
-1.008,1.32,-2.216,80.994,220.398,138.184
-0.977,1.308,-2.322,57.007,147.705,113.831
-0.905,1.272,-2.302,73.914,69.336,93.506
-0.82,1.202,-2.158,87.585,-4.211,79.712
-0.762,1.189,-1.963,61.523,-68.237,74.829
-0.713,1.213,-1.75,16.785,-123.535,70.923
-0.668,1.204,-1.545,-22.461,-170.837,61.401
-0.596,1.14,-1.345,-45.959,-213.135,46.021
-0.5,1.064,-1.144,-55.298,-249.634,27.893
-0.383,1.005,-0.939,-51.086,-280.64,9.216
-0.265,0.959,-0.736,-36.865,-305.664,-8.85
-0.136,0.906,-0.543,-19.165,-324.341,-28.503
0,0.85,-0.351,-3.174,-336.06,-48.218
0.137,0.792,-0.164,10.01,-339.6,-67.932
0.258,0.731,-0.016,17.517,-334.778,-84.595
0.366,0.646,0.105,17.09,-323.975,-96.313
0.465,0.584,0.176,7.935,-308.716,-101.99
0.545,0.57,0.235,-5.432,-291.687,-101.624
0.621,0.613,0.275,-14.709,-274.719,-98.877
0.712,0.698,0.314,-18.188,-258.728,-99.06
0.685,0.789,0.369,-12.878,-244.385,-105.286
0.739,0.829,0.369,-2.441,-223.755,-117.981
0.756,0.788,0.443,7.141,-210.327,-140.869
0.776,0.672,0.471,10.498,-193.726,-164.734
0.812,0.495,0.481,3.235,-175.415,-184.692
0.855,0.31,0.478,-11.414,-158.264,-197.144
0.9,0.152,0.437,-28.625,-140.869,-197.571
0.922,0.037,0.388,-44.8,-126.038,-187.805
0.942,-0.028,0.35,-57.861,-113.525,-169.006
0.961,-0.075,0.312,-66.467,-101.44,-144.897
0.96,-0.096,0.263,-73.303,-91.064,-118.896
0.957,-0.057,0.207,-83.252,-83.862,-93.262
0.948,0.004,0.159,-92.346,-80.688,-71.655
0.935,0.05,0.133,-95.703,-81.726,-56.091
0.926,0.087,0.14,-95.032,-85.388,-45.471
0.921,0.132,0.172,-90.393,-89.05,-39.795
0.919,0.173,0.208,-82.336,-90.759,-39.124
0.913,0.214,0.236,-72.754,-89.844,-43.579
0.903,0.228,0.277,-60.73,-87.28,-53.162
0.903,0.188,0.301,-46.021,-84.351,-65.857
0.906,0.103,0.313,-33.936,-80.688,-77.942
0.911,0.009,0.324,-26.855,-76.294,-84.839
0.917,-0.056,0.325,-23.987,-71.716,-85.083
0.92,-0.082,0.305,-25.94,-67.017,-79.773
0.917,-0.093,0.274,-29.358,-63.232,-72.021
0.915,-0.095,0.246,-30.701,-61.951,-62.805
0.906,-0.081,0.226,-32.166,-63.171,-53.711
0.893,-0.056,0.216,-34.851,-66.711,-45.349
0.886,-0.008,0.217,-39.124,-70.74,-38.879
0.879,0.039,0.217,-43.152,-74.829,-36.194
0.872,0.081,0.22,-44.617,-79.346,-38.086
0.864,0.107,0.23,-43.152,-84.473,-43.701
0.856,0.118,0.257,-40.405,-88.928,-51.88
0.857,0.071,0.346,-36.438,-92.651,-61.707
0.892,-0.04,0.435,-29.968,-94.177,-71.289
0.924,-0.163,0.513,-27.039,-91.553,-76.111
0.951,-0.316,0.599,-34.973,-85.083,-74.89
0.96,-0.344,0.616,-45.349,-75.928,-59.692
0.984,-0.329,0.614,-49.438,-63.965,-45.105
0.989,-0.301,0.608,-43.884,-55.115,-32.166
0.99,-0.257,0.584,-34.729,-48.218,-20.874
0.996,-0.185,0.557,-28.442,-43.152,-10.986
0.993,-0.099,0.532,-26.733,-40.588,-5.188
0.989,-0.032,0.516,-25.391,-40.283,-3.723
0.99,0,0.517,-23.682,-41.687,-6.409
0.99,0.016,0.534,-23.621,-43.213,-11.108
0.991,0.006,0.56,-24.475,-43.884,-16.479
0.996,-0.023,0.591,-24.719,-43.579,-21.973
1.001,-0.077,0.633,-24.658,-41.443,-26.245
1.013,-0.131,0.661,-23.132,-36.804,-28.32
1.014,-0.167,0.66,-19.348,-30.09,-27.954
1.005,-0.186,0.636,-13.672,-22.949,-26.123
0.996,-0.191,0.6,-8.484,-16.479,-22.827
0.978,-0.18,0.56,-4.761,-11.841,-18.86
0.961,-0.176,0.524,-2.441,-9.399,-15.198
0.946,-0.168,0.5,-1.282,-8.423,-11.23
0.935,-0.152,0.485,-3.357,-8.301,-7.263
0.924,-0.118,0.474,-7.202,-8.789,-3.906
0.919,-0.085,0.468,-10.864,-8.911,-1.953
0.911,-0.07,0.469,-11.292,-9.277,-2.014
0.903,-0.065,0.471,-11.414,-9.583,-3.601
0.9,-0.063,0.471,-11.292,-8.85,-5.493
0.896,-0.066,0.466,-10.376,-8.362,-7.507
0.894,-0.07,0.462,-8.179,-8.179,-9.094
0.891,-0.081,0.472,-5.432,-8.423,-10.315
0.902,-0.091,0.491,-2.747,-8.911,-10.986
0.905,-0.139,0.508,0.427,-8.728,-11.353
0.917,-0.151,0.522,1.16,-7.324,-9.216
0.922,-0.164,0.529,1.282,-5.249,-6.287
0.922,-0.165,0.522,1.404,-3.052,-2.991
0.919,-0.154,0.51,1.16,-0.977,-0.183
0.917,-0.132,0.5,1.709,-0.183,1.526
,,,,,
0.783,-0.85,1.677,163.147,-79.956,-178.711
0.877,-0.927,1.66,151.428,-32.471,-167.603
0.9,-0.896,1.49,131.958,14.954,-150.513
0.951,-0.744,1.278,112.61,50.598,-134.827
0.934,-0.771,1.344,129.761,68.176,-129.15
0.891,-1.159,1.275,169.128,87.952,-120.422
0.889,-1.37,1.366,167.48,112.427,-94.727
0.941,-1.421,1.402,133.179,151.062,-52.246
1.028,-1.365,1.351,118.164,192.871,-12.451
0.965,-1.364,1.294,136.169,221.069,17.517
0.821,-1.417,1.256,147.888,248.352,51.514
0.692,-1.473,1.223,137.695,281.799,92.896
0.638,-1.389,1.197,117.371,319.031,137.573
0.572,-1.272,1.167,118.713,350.22,185.242
0.335,-1.228,1.053,139.282,371.887,232.849
0.04,-1.234,0.857,159.18,390.198,271.79
-0.258,-1.331,0.684,172.974,406.555,306.641
-0.597,-1.308,0.488,176.88,412.598,351.013
-0.852,-1.015,0.491,164.307,405.334,404.663
-1.47,-0.832,0.502,167.603,398.315,458.069
-1.858,-0.349,0.182,147.644,431.335,531.433
-1.986,0.2,-0.251,116.211,478.149,574.89
-2.037,0.556,-0.495,128.235,484.009,555.725
-1.87,0.755,-0.695,160.095,473.755,519.592
-1.627,1.042,-0.89,138.123,459.229,478.088
-1.675,1.248,-1.494,-35.034,453.918,425.049
-1.569,1.416,-2.22,-254.578,433.899,339.966
-1.313,1.728,-2.738,-287.72,374.146,239.99
-1.104,1.801,-3.084,-114.746,278.87,131.47
-0.937,1.363,-3.085,177.856,152.161,23.499
-0.8,0.898,-2.651,381.409,21.301,-39.063
-0.624,0.919,-2.25,374.39,-73.853,-43.823
-0.524,0.904,-1.986,244.751,-132.446,-22.705
-0.451,0.976,-1.752,101.99,-173.828,4.822
-0.434,0.992,-1.536,-1.77,-211.243,24.658
-0.398,0.949,-1.258,-43.274,-253.113,33.02
-0.334,0.868,-0.932,-41.138,-296.57,31.799
-0.218,0.777,-0.611,-22.156,-334.656,25.146
-0.09,0.678,-0.229,4.272,-362.122,14.465
0.087,0.528,0.111,28.564,-372.07,3.601
0.285,0.426,0.402,44.006,-358.704,-1.526
0.456,0.384,0.496,37.415,-324.28,0.305
0.551,0.521,0.455,10.132,-277.161,9.888
0.678,0.969,0.299,-10.925,-233.337,17.761
0.687,1.165,0.12,8.423,-202.942,-0.305
0.694,1.212,0.067,43.884,-187.622,-36.621
0.733,1.167,0,61.584,-176.941,-76.355
0.689,1.047,-0.065,56.641,-170.471,-112.671
0.699,0.973,-0.194,32.104,-166.443,-136.719
0.645,0.961,-0.25,6.287,-171.692,-154.175
0.58,0.912,-0.248,-5.859,-184.021,-169.556
0.544,0.794,-0.227,-12.817,-196.045,-187.5
0.519,0.648,-0.176,-23.071,-208.313,-202.454
0.513,0.52,-0.119,-40.833,-218.506,-210.205
0.512,0.493,-0.053,-56.946,-228.088,-213.989
0.501,0.389,-0.01,-57.8,-235.901,-219.055
0.511,0.315,0.058,-57.007,-242.187,-223.083
0.507,0.28,0.129,-58.96,-246.704,-223.938
0.489,0.257,0.188,-53.772,-249.023,-225.708
0.484,0.194,0.27,-44.861,-250,-230.774
0.474,0.174,0.364,-41.199,-248.352,-236.633
0.502,0.046,0.449,-30.457,-244.385,-245.422
0.523,-0.077,0.554,-26.062,-238.281,-250.122
0.551,-0.136,0.648,-29.785,-228.271,-247.437
0.635,-0.216,0.778,-26.978,-215.454,-244.019
0.663,-0.336,0.904,-23.804,-200.867,-239.258
0.736,-0.53,1.092,-17.517,-183.96,-232.605
0.823,-0.726,1.141,-20.813,-154.358,-216.553
0.875,-0.89,1.121,-39.001,-120.483,-195.496
0.948,-0.984,0.839,-73.181,-87.769,-164.124
0.956,-0.704,0.925,-119.751,-69.397,-132.812
0.922,-0.657,0.788,-93.323,-58.472,-106.689
0.873,-0.74,0.77,-44.25,-51.331,-88.989
0.843,-0.725,0.797,-24.414,-48.767,-68.176
0.843,-0.641,0.774,-22.644,-40.161,-47.913
0.832,-0.536,0.728,-24.658,-33.63,-29.724
0.825,-0.44,0.692,-24.231,-32.715,-17.944
0.799,-0.378,0.695,-22.705,-36.56,-13.245
0.779,-0.302,0.711,-19.47,-41.809,-12.451
0.795,-0.282,0.752,-9.216,-43.823,-16.296
0.821,-0.295,0.793,3.662,-43.701,-22.095
0.831,-0.311,0.807,10.925,-40.649,-29.358
0.821,-0.333,0.818,10.803,-36.072,-37.659
0.818,-0.379,0.816,7.629,-29.663,-45.959
0.817,-0.462,0.781,5.981,-22.461,-52.307
0.807,-0.543,0.731,4.822,-15.686,-54.321
0.799,-0.579,0.69,3.479,-10.132,-51.636
0.786,-0.58,0.644,2.38,-6.104,-46.387
0.778,-0.574,0.603,2.136,-3.479,-41.016
0.77,-0.577,0.573,2.441,-2.441,-35.889
0.76,-0.573,0.54,1.648,-2.93,-30.273
0.803,-0.573,0.535,-1.099,-4.517,-24.17
0.767,-0.584,0.571,-5.798,-7.996,-19.409
0.761,-0.566,0.568,-12.451,-10.254,-13.733
0.769,-0.548,0.586,-17.944,-10.62,-6.897
0.783,-0.534,0.606,-20.996,-10.437,-1.648
0.781,-0.51,0.612,-21.729,-9.216,1.343
0.774,-0.486,0.607,-20.996,-7.568,2.991
0.772,-0.473,0.599,-17.212,-5.615,3.235
0.774,-0.468,0.59,-12.756,-3.662,3.235
0.775,-0.466,0.579,-9.46,-1.831,3.235
0.774,-0.462,0.567,-6.47,-0.977,4.395
0.783,-0.448,0.565,-3.479,-0.854,6.104
0.78,-0.434,0.569,0.732,-1.709,6.958
0.794,-0.422,0.576,5.432,-2.502,7.568
0.8,-0.413,0.593,8.85,-3.296,7.996
0.801,-0.412,0.608,10.864,-3.357,8.179
0.799,-0.416,0.619,11.963,-2.319,9.033
0.796,-0.421,0.62,11.597,-0.671,10.437
0.797,-0.422,0.625,9.277,1.16,12.573
0.797,-0.416,0.619,6.653,4.028,15.015
0.794,-0.4,0.602,4.089,7.385,17.456
0.786,-0.375,0.572,2.014,9.949,19.043
0.779,-0.349,0.548,1.404,10.925,19.409
0.782,-0.332,0.535,2.502,10.254,18.494
0.783,-0.322,0.526,4.089,9.216,16.418
0.782,-0.312,0.519,5.493,8.545,14.16
0.782,-0.305,0.51,6.104,7.446,11.902
0.788,-0.313,0.516,6.775,6.165,9.705
,,,,,
1.035,-0.856,1.367,42.603,21.362,13.794
1.181,-1.127,1.774,68.542,39.429,27.283
1.393,-1.484,2.278,108.032,69.641,47.546
1.456,-1.737,2.572,171.814,116.577,79.224
1.249,-1.67,2.676,251.038,177.612,125.977
1.041,-1.356,2.574,316.772,245.972,188.904
0.899,-1.128,2.471,353.21,301.331,246.399
0.611,-0.862,2.185,344.116,343.872,288.269
0.396,-0.491,1.802,301.636,379.639,321.533
0.328,-0.213,1.537,261.475,404.968,338.501
0.251,0.02,1.328,226.868,423.035,340.515
0.175,0.208,0.999,193.054,444.092,330.017
0.062,0.338,0.676,164.124,466.003,311.768
0.006,0.423,0.346,135.681,479.614,286.499
-0.113,0.602,-0.026,108.826,479.187,257.507
-0.151,0.754,-0.35,89.966,465.21,219.727
-0.181,0.812,-0.627,90.82,441.101,171.753
-0.201,0.782,-0.824,113.281,405.518,125.977
-0.203,0.739,-0.949,140.259,365.234,91.003
-0.242,0.656,-0.991,162.903,325.623,68.054
-0.309,0.498,-0.978,173.34,288.574,58.472
-0.39,0.349,-0.995,156.311,256.836,64.636
-0.475,0.28,-1.075,117.737,229.004,81.848
-0.57,0.3,-1.19,77.698,200.928,104.126
-0.661,0.38,-1.313,47.058,171.387,125.183
-0.736,0.507,-1.427,30.701,139.099,140.076
-0.781,0.634,-1.49,26.917,103.149,145.813
-0.805,0.754,-1.53,28.809,65.247,143.982
-0.8,0.865,-1.564,29.236,27.344,136.963
-0.777,0.961,-1.587,26.978,-9.338,126.038
-0.745,1.048,-1.617,21.606,-46.387,112.488
-0.699,1.151,-1.639,13.977,-83.618,96.436
-0.652,1.233,-1.61,7.324,-120.544,77.148
-0.61,1.279,-1.547,1.404,-157.166,53.345
-0.562,1.286,-1.45,-8.423,-193.237,25.574
-0.517,1.253,-1.31,-23.132,-226.99,-4.395
-0.454,1.22,-1.155,-37.476,-256.653,-34.729
-0.384,1.169,-1.005,-50.049,-281.25,-64.575
-0.316,1.096,-0.852,-62.195,-301.392,-94.421
-0.246,1.015,-0.714,-73.853,-317.2,-121.765
-0.196,0.931,-0.581,-84.167,-330.322,-145.935
-0.144,0.831,-0.444,-91.003,-342.651,-167.786
-0.084,0.74,-0.263,-91.858,-356.14,-187.988
-0.03,0.656,-0.094,-84.961,-366.76,-207.458
0.037,0.598,0.094,-69.58,-375.183,-227.6
0.129,0.542,0.322,-45.654,-380.92,-249.756
0.167,0.467,0.631,-15.564,-381.592,-274.353
0.334,0.256,0.895,10.864,-367.004,-301.331
0.472,0.104,1.166,17.883,-346.68,-323.486
0.6,-0.047,1.248,16.235,-311.279,-331.177
0.697,-0.15,1.36,5.859,-267.883,-327.393
0.869,-0.49,1.722,-8.789,-221.558,-315.918
1.18,-0.957,1.797,-40.039,-163.147,-295.776
1.334,-1.207,1.7,-93.567,-108.093,-264.954
1.324,-1.34,1.426,-112.244,-56.274,-221.069
1.267,-1.335,1.094,-98.694,-6.165,-158.447
1.184,-1.079,0.774,-83.191,29.724,-85.327
1.077,-0.734,0.498,-68.787,48.645,-25.024
1.061,-0.478,0.285,-68.542,55.481,6.104
0.929,-0.328,0.07,-85.632,47.913,14.893
0.868,-0.256,-0.086,-109.68,30.09,8.972
0.871,-0.255,-0.129,-124.207,6.287,0.732
0.891,-0.283,-0.116,-118.652,-15.991,-3.662
0.906,-0.286,-0.069,-96.741,-35.095,-6.409
0.909,-0.25,0,-66.406,-51.208,-12.207
0.883,-0.22,0.105,-36.682,-64.819,-22.034
0.889,-0.239,0.248,-13.916,-74.402,-34.79
0.906,-0.338,0.356,0.244,-76.782,-49.683
0.934,-0.45,0.416,-1.038,-70.679,-60.12
0.931,-0.526,0.409,-12.146,-59.021,-64.331
0.907,-0.556,0.365,-23.56,-46.631,-63.721
0.879,-0.551,0.306,-32.715,-38.391,-56.091
0.824,-0.517,0.254,-39.917,-34.973,-45.227
0.87,-0.56,0.255,-46.082,-37.903,-36.682
0.872,-0.574,0.296,-42.969,-48.889,-18.555
0.907,-0.629,0.386,-37.781,-52.856,-10.437
0.972,-0.652,0.485,-36.621,-49.866,-2.747
1.007,-0.639,0.564,-38.391,-46.387,9.521
1.031,-0.572,0.605,-39.246,-38.391,18.127
1.042,-0.496,0.595,-34.729,-28.076,21.057
1.047,-0.438,0.565,-25.269,-18.921,18.372
1.052,-0.405,0.522,-13.916,-11.597,13.062
1.046,-0.385,0.479,-3.662,-6.409,7.202
1.037,-0.379,0.443,3.113,-2.93,2.38
1.035,-0.384,0.419,4.944,-0.977,-0.732
1.03,-0.394,0.4,3.174,0,-1.77
1.019,-0.404,0.374,0.244,0.916,-1.465
1.001,-0.414,0.356,-2.319,1.221,-0.244
0.99,-0.424,0.343,-3.967,1.953,1.953
0.985,-0.419,0.332,-6.47,3.296,5.188
0.971,-0.404,0.321,-8.545,4.761,8.423
0.959,-0.406,0.318,-9.033,6.592,11.047
0.95,-0.404,0.304,-9.094,8.484,12.695
0.94,-0.387,0.285,-8.789,10.071,14.038
0.934,-0.36,0.266,-6.958,11.047,15.015
0.919,-0.333,0.25,-5.005,10.559,15.869
0.903,-0.306,0.235,-3.357,10.01,15.625
0.897,-0.291,0.226,-2.747,9.705,13.123
0.897,-0.276,0.224,-3.113,8.728,11.108
0.896,-0.255,0.221,-4.517,7.385,10.315
0.895,-0.233,0.22,-5.371,5.859,9.888
0.89,-0.213,0.215,-5.737,3.54,9.521
0.888,-0.2,0.211,-5.737,1.16,8.423
0.885,-0.203,0.222,-4.944,-1.099,6.897
0.888,-0.218,0.239,-3.906,-2.808,5.249
0.895,-0.231,0.247,-3.967,-3.784,3.235
0.902,-0.245,0.248,-3.052,-4.089,1.221
0.905,-0.254,0.252,-1.709,-4.578,0.549
0.911,-0.251,0.263,-1.465,-4.7,1.282
0.921,-0.25,0.278,-1.282,-4.333,1.831
0.928,-0.254,0.285,-1.038,-3.967,1.831
0.929,-0.259,0.284,-1.709,-3.479,1.038
0.932,-0.257,0.276,-2.686,-3.174,0.366
0.937,-0.251,0.276,-3.418,-3.662,0
0.941,-0.244,0.277,-2.747,-4.15,-0.305
0.94,-0.24,0.276,-1.831,-4.395,-0.977
0.94,-0.24,0.276,-1.587,-4.761,-2.319
0.94,-0.242,0.278,-1.831,-5.188,-3.418
0.942,-0.247,0.282,-1.343,-5.554,-4.028
,,,,,
1.329,-0.893,1.266,44.373,-34.485,-33.203
1.442,-1.3,1.645,43.762,-19.47,-20.752
1.6,-1.756,2.023,45.471,6.165,7.568
1.658,-2.211,2.347,55.359,47.363,55.115
1.555,-2.47,2.558,71.96,106.934,126.648
1.217,-2.304,2.535,96.802,180.42,217.346
0.763,-1.803,2.33,131.531,257.019,306.58
0.353,-1.285,2.11,168.274,327.209,374.939
0.057,-0.728,1.948,189.331,384.583,419.8
-0.12,-0.356,1.851,203.369,426.88,432.495
-0.277,-0.085,1.693,216.553,462.341,424.377
-0.509,0.17,1.429,224.609,494.995,416.016
-0.759,0.532,1.087,224.731,527.71,404.663
-0.929,0.893,0.767,226.135,553.528,378.906
-1.096,1.193,0.497,228.027,571.594,339.661
-1.287,1.294,0.269,219.055,584.29,287.17
-1.553,1.19,0.031,198.12,587.83,231.384
-1.86,1.043,-0.297,164.673,584.29,186.401
-2.115,0.994,-0.735,126.526,569.702,161.072
-2.286,1.002,-1.317,95.886,537.537,149.658
-2.383,1.099,-2.004,75.745,483.093,145.02
-2.338,1.328,-2.583,56.213,401.917,140.93
-2.165,1.616,-2.971,36.926,298.889,129.944
-1.988,1.773,-3.138,28.015,184.082,108.826
-1.821,1.836,-3.115,24.475,64.636,80.2
-1.695,1.786,-2.852,32.837,-59.57,46.448
-1.569,1.624,-2.381,34.79,-177.002,16.113
-1.458,1.439,-1.891,2.625,-270.569,-2.869
-1.318,1.324,-1.471,-45.837,-337.585,-12.573
-1.172,1.28,-1.141,-90.82,-384.583,-19.836
-1.041,1.251,-0.897,-123.474,-419.922,-31.982
-0.914,1.199,-0.674,-136.658,-449.768,-52.856
-0.787,1.104,-0.463,-130.92,-474.854,-80.994
-0.658,0.976,-0.255,-115.295,-492.798,-111.877
-0.532,0.854,-0.084,-101.074,-502.38,-140.137
-0.416,0.79,0.078,-90.271,-506.042,-165.222
-0.318,0.75,0.24,-70.923,-505.798,-190.796
-0.23,0.727,0.405,-43.823,-501.709,-218.445
-0.146,0.678,0.581,-14.893,-493.469,-248.901
-0.068,0.587,0.755,6.287,-479.309,-280.334
0.012,0.464,0.913,12.939,-459.045,-308.472
0.065,0.245,1.178,-0.183,-436.035,-329.224
0.263,-0.145,1.818,-19.592,-404.114,-340.942
0.78,-0.985,1.862,-47.302,-350.586,-343.14
0.938,-1.331,1.777,-139.832,-292.664,-301.819
1.094,-1.364,1.649,-206.848,-236.328,-206.055
1.134,-1.115,1.494,-210.815,-181.335,-99.487
1.213,-0.712,1.267,-160.095,-122.009,-26.001
1.175,-0.299,0.985,-85.876,-68.726,17.09
1.14,0.053,0.765,-32.104,-40.649,31.982
1.121,0.319,0.589,-16.602,-29.297,23.743
1.082,0.489,0.434,-24.17,-26.855,4.822
1.055,0.516,0.326,-32.776,-30.151,-22.339
1.022,0.403,0.283,-29.48,-38.574,-52.124
1,0.235,0.275,-25.757,-49.011,-74.707
0.98,0.101,0.298,-29.846,-58.472,-85.266
0.981,-0.029,0.373,-39.429,-67.81,-84.473
0.989,-0.176,0.488,-51.514,-75.073,-77.271
0.992,-0.338,0.601,-67.444,-76.599,-64.392
0.995,-0.452,0.687,-84.167,-71.472,-45.898
1.012,-0.478,0.715,-94.543,-59.875,-24.353
1.035,-0.439,0.687,-95.215,-44.739,-5.554
0.989,-0.332,0.635,-85.754,-31.677,4.639
0.993,-0.145,0.536,-62.927,-19.287,14.648
0.969,-0.023,0.484,-33.325,-14.587,9.644
0.947,0.031,0.433,-12.329,-14.282,0.427
0.933,0.034,0.397,-5.92,-16.602,-10.803
0.927,0.013,0.381,-7.507,-20.569,-20.142
0.927,-0.016,0.38,-12.451,-24.963,-25.94
0.932,-0.041,0.384,-19.043,-29.724,-28.625
0.942,-0.044,0.392,-24.963,-34.546,-28.931
0.951,-0.038,0.415,-28.198,-39.063,-28.442
0.951,-0.04,0.455,-30.396,-41.748,-29.053
0.956,-0.067,0.485,-32.715,-42.114,-30.762
0.956,-0.101,0.496,-34.607,-39.612,-32.41
0.959,-0.144,0.494,-33.691,-35.278,-32.837
0.969,-0.172,0.474,-29.907,-30.64,-31.555
0.977,-0.174,0.447,-26.184,-26.184,-28.687
0.981,-0.16,0.421,-22.461,-22.339,-25.085
0.983,-0.149,0.41,-18.066,-20.447,-22.339
0.991,-0.157,0.417,-14.099,-19.531,-20.752
0.996,-0.162,0.428,-13,-19.775,-19.287
1.002,-0.152,0.449,-13.794,-20.386,-17.456
1.015,-0.142,0.481,-13.123,-21.118,-15.991
1.022,-0.137,0.504,-11.597,-20.752,-15.747
1.023,-0.137,0.514,-10.498,-19.348,-16.357
1.017,-0.139,0.524,-9.888,-16.724,-16.724
1.009,-0.153,0.532,-8.667,-13.855,-16.785
1.017,-0.162,0.524,-8.057,-10.681,-16.174
0.983,-0.16,0.518,-7.751,-7.507,-14.832
0.963,-0.151,0.505,-6.165,-4.517,-13.062
0.954,-0.163,0.503,-3.723,-2.563,-12.085
0.942,-0.173,0.491,-2.441,-1.099,-10.925
0.928,-0.168,0.476,-1.892,-0.305,-9.033
0.922,-0.163,0.474,-0.183,0.183,-6.653
0.912,-0.15,0.471,1.404,0.549,-4.333
0.904,-0.131,0.458,0.793,1.465,-3.113
0.898,-0.117,0.44,0,2.075,-2.563
0.895,-0.112,0.422,0,2.38,-2.747
0.891,-0.11,0.408,0.488,2.197,-3.174
0.885,-0.106,0.399,-0.244,1.709,-3.54
0.887,-0.104,0.39,-0.732,0.916,-3.845
0.893,-0.107,0.38,-1.038,0.122,-4.456
0.896,-0.109,0.37,-0.916,-0.61,-4.395
0.896,-0.103,0.357,-0.732,-1.343,-3.723
0.895,-0.096,0.347,-1.404,-2.319,-3.235
0.893,-0.097,0.344,-2.991,-4.15,-3.479
0.895,-0.098,0.346,-3.418,-6.287,-3.723
0.9,-0.101,0.36,-2.136,-8.972,-4.211
0.903,-0.106,0.386,0.122,-11.475,-4.211
0.91,-0.114,0.427,1.343,-12.817,-3.845
0.922,-0.136,0.468,0.854,-12.634,-3.296
0.931,-0.156,0.478,-0.854,-10.376,-2.197
0.936,-0.157,0.47,0.427,-7.507,-0.183
0.936,-0.146,0.466,5.554,-5.859,2.014
0.933,-0.119,0.47,9.216,-4.883,4.883
0.93,-0.086,0.463,7.874,-3.662,6.348
0.927,-0.06,0.44,3.906,-1.526,5.859
0.923,-0.054,0.423,0.366,-0.854,3.784
,,,,,
1.147,-0.137,1.864,149.231,-25.024,-133.179
1.23,-0.457,1.933,195.19,5.432,-151.611
1.146,-0.83,1.842,189.392,39.124,-159.607
1.163,-1.006,1.799,115.356,84.717,-145.142
1.19,-1.101,1.683,51.88,126.099,-122.009
1.169,-1.205,1.549,20.264,153.564,-92.407
1.138,-1.372,1.529,14.038,169.861,-58.777
1.138,-1.59,1.61,18.677,193.176,-15.32
1.135,-1.732,1.537,23.865,228.088,40.222
0.953,-1.638,1.484,33.264,259.46,97.717
0.7,-1.531,1.482,73.181,282.349,143.127
0.391,-1.368,1.485,128.418,307.861,182.312
0.052,-1.134,1.505,185.181,344.238,221.558
-0.269,-0.874,1.506,247.925,388.855,259.583
-0.621,-0.548,1.498,304.993,446.716,305.176
-0.932,-0.09,1.414,345.337,519.592,362.427
-1.111,0.299,1.417,378.357,558.472,393.005
-1.409,0.559,1.297,395.02,575.012,389.526
-1.682,0.765,1.037,386.292,607.666,372.375
-1.921,0.899,0.822,364.624,637.024,351.807
-2.158,1.008,0.584,331.421,655.396,327.759
-2.357,1.131,0.283,288.208,667.236,299.866
-2.532,1.186,-0.207,252.93,667.114,271.179
-2.747,1.22,-0.884,218.506,643.921,253.906
-2.939,1.291,-1.704,162.354,597.595,249.939
-2.867,1.535,-2.514,57.495,535.278,255.005
-2.681,1.962,-3.345,-121.521,463.318,248.901
-2.44,2.281,-4,-332.642,362.549,197.876
-2.301,2.149,-4,-316.406,211.548,106.079
-2.194,1.702,-4,-65.735,7.812,8.423
-2.036,1.174,-3.35,132.629,-201.599,-50.415
-1.862,0.902,-2.339,145.203,-356.628,-61.035
-1.674,0.797,-1.626,64.453,-448.853,-45.715
-1.498,0.768,-1.172,-31.006,-500.549,-23.315
-1.347,0.782,-0.771,-89.905,-535.828,-8.789
-1.144,0.747,-0.381,-112.305,-562.988,-7.996
-0.965,0.654,-0.126,-121.094,-574.524,-16.357
-0.765,0.568,0.038,-132.446,-571.777,-28.137
-0.578,0.513,0.111,-139.709,-556.641,-38.269
-0.398,0.511,0.17,-135.803,-538.208,-44.617
-0.248,0.541,0.23,-122.498,-520.752,-50.659
-0.123,0.57,0.285,-101.257,-505.31,-61.096
-0.004,0.589,0.385,-82.52,-491.699,-76.111
0.087,0.592,0.513,-69.031,-476.624,-91.492
0.192,0.559,0.668,-56.03,-458.252,-107.361
0.337,0.512,0.859,-42.48,-434.998,-122.375
0.505,0.466,0.983,-38.269,-404.602,-135.376
0.626,0.444,1.037,-43.884,-370.483,-145.447
0.719,0.436,1.061,-51.27,-331.055,-150.391
0.877,0.42,1.017,-58.289,-287.598,-152.71
0.946,0.233,1.105,-63.965,-261.78,-158.081
1.02,-0.066,1.101,-87.219,-239.38,-152.893
1.001,-0.323,0.953,-135.925,-211.792,-124.023
0.938,-0.372,0.926,-184.692,-188.049,-71.899
0.977,-0.293,0.93,-222.107,-166.687,-16.846
1,-0.146,0.919,-234.131,-146.24,20.02
1,0.1,0.822,-209.473,-124.207,40.649
1.004,0.304,0.716,-167.847,-107.91,37.659
1.015,0.419,0.645,-121.521,-99.182,19.409
1,0.422,0.633,-73.181,-96.436,-9.216
0.979,0.319,0.656,-30.457,-95.093,-40.039
0.977,0.148,0.682,-0.732,-90.393,-65.002
0.984,-0.017,0.685,12.207,-81.97,-77.881
1.002,-0.161,0.705,10.071,-73.059,-78.186
1.057,-0.297,0.73,-4.822,-65.002,-67.505
1.053,-0.447,0.747,-24.109,-56.03,-47.607
1.012,-0.45,0.703,-37.292,-48.645,-19.958
0.966,-0.391,0.677,-45.837,-40.161,7.202
0.96,-0.242,0.627,-49.316,-32.166,28.137
0.952,-0.108,0.614,-41.199,-27.954,35.583
0.959,-0.014,0.617,-27.954,-26.489,32.043
0.966,0.017,0.635,-15.259,-26.55,21.973
0.955,0.015,0.647,-7.507,-27.039,10.254
0.957,0.004,0.643,-4.395,-25.452,1.16
0.963,-0.003,0.634,-3.174,-24.841,-6.042
0.967,-0.005,0.623,-2.502,-24.597,-10.864
0.989,-0.013,0.622,-1.465,-24.78,-13.306
0.969,-0.012,0.614,-2.441,-25.085,-14.526
0.976,-0.022,0.595,-3.662,-22.339,-13.367
0.982,-0.036,0.585,-5.249,-20.996,-12.207
0.982,-0.024,0.566,-5.554,-18.982,-10.132
0.98,-0.011,0.547,-4.7,-16.724,-8.972
0.97,-0.001,0.532,-1.709,-15.015,-9.094
0.968,-0.01,0.52,1.16,-11.841,-10.376
0.967,-0.02,0.507,1.648,-8.179,-10.864
0.964,-0.022,0.482,-0.305,-3.235,-9.644
0.957,-0.024,0.442,-1.282,-0.305,-8.057
0.951,-0.026,0.401,-2.502,1.404,-6.409
0.946,-0.026,0.364,-3.235,1.404,-4.028
0.934,-0.016,0.338,-3.723,0.366,-1.099
0.92,0.01,0.323,-4.272,-1.16,1.038
0.919,0.036,0.33,-5.066,-3.845,2.563
0.923,0.051,0.339,-6.226,-6.226,2.319
0.918,0.064,0.357,-7.568,-7.812,1.221
0.925,0.056,0.384,-7.69,-9.094,-0.183
0.935,0.027,0.423,-8.972,-9.827,-1.099
0.95,-0.008,0.459,-11.536,-9.521,-0.427
0.962,-0.025,0.468,-13.916,-7.202,2.93
0.954,-0.005,0.453,-17.578,-3.357,9.583
0.939,0.042,0.425,-20.264,-0.549,15.564
0.928,0.097,0.395,-20.813,0.61,18.188
0.919,0.148,0.368,-19.226,0.061,17.639
0.917,0.193,0.356,-16.296,-1.77,13.489
0.912,0.217,0.357,-13.184,-4.7,6.47
0.909,0.221,0.367,-10.376,-8.118,-1.099
0.911,0.215,0.384,-9.094,-11.475,-9.277
0.907,0.181,0.421,-8.545,-14.221,-17.273
0.919,0.117,0.464,-7.507,-16.113,-23.01
0.932,0.051,0.511,-8.789,-15.564,-24.597
0.945,0.005,0.54,-12.268,-12.329,-21.912
0.949,0,0.54,-15.503,-7.69,-15.93
0.943,0.017,0.52,-17.09,-3.479,-9.827
0.934,0.046,0.492,-15.259,-0.61,-5.249
0.925,0.073,0.461,-12.695,0.488,-2.563
0.92,0.086,0.434,-10.254,0.305,-1.587
0.922,0.09,0.423,-7.996,-1.038,-1.953
0.924,0.088,0.423,-7.385,-2.319,-3.052
0.923,0.077,0.425,-7.507,-3.54,-4.272
0.924,0.068,0.433,-6.592,-4.639,-5.554
